-- Data seeding for DataNucleus/JDO compatibility
-- Uses simple INSERT statements without PL/SQL blocks

-- Insert OficinaRegionalEPS data
INSERT INTO OFICINAREGIONALEPS (NOMBREEPS, REGIONEPS) VALUES ('Compensar', 12);
INSERT INTO OFICINAREGIONALEPS (NOMBREEPS, REGIONEPS) VALUES ('Sanitas', 10);

-- Insert EstadoVacunacion data
INSERT INTO ESTADOVACUNACION (IDENTIFICADORESTADO, DESCRIPCIONESTADO) VALUES (1, 'No vacunado');
INSERT INTO ESTADOVACUNACION (IDENTIFICADORESTADO, DESCRIPCIONESTADO) VALUES (2, 'Primera dosis aplicada');
INSERT INTO ESTADOVACUNACION (IDENTIFICADORESTADO, DESCRIPCIONESTADO) VALUES (3, 'Segunda dosis aplicada');

-- Insert Etapa data
INSERT INTO ETAPA (NUMERODEETAPA, DESCRIPCIONETAPA) VALUES (1, 'Fase 1- Etapa 1');
INSERT INTO ETAPA (NUMERODEETAPA, DESCRIPCIONETAPA) VALUES (2, 'Fase 1- Etapa 2');
INSERT INTO ETAPA (NUMERODEETAPA, DESCRIPCIONETAPA) VALUES (3, 'Fase 1- Etapa 3');
INSERT INTO ETAPA (NUMERODEETAPA, DESCRIPCIONETAPA) VALUES (4, 'Fase 2- Etapa 4');
INSERT INTO ETAPA (NUMERODEETAPA, DESCRIPCIONETAPA) VALUES (5, 'Fase 2- Etapa 5');

-- Insert PuntoVacunacion data
INSERT INTO PUNTOVACUNACION (DIRECCIONPUNTOVACUNACION, NOMBREPUNTOVACUNACION, CAPACIDADSIMULTANEA, CAPACIDADDIARIA, DISPONIBILIDADDEDOSIS, NOMBREOFICINA, REGIONOFICINA, SOLOMAYORES, SOLOSALUD, ESTAHABILITADO) 
VALUES ('CR 7A #122-09', 'Centro atención Compensar', 200, 100, 10000, 'Compensar', 12, '0', '0', '1');

INSERT INTO PUNTOVACUNACION (DIRECCIONPUNTOVACUNACION, NOMBREPUNTOVACUNACION, CAPACIDADSIMULTANEA, CAPACIDADDIARIA, DISPONIBILIDADDEDOSIS, NOMBREOFICINA, REGIONOFICINA, SOLOMAYORES, SOLOSALUD, ESTAHABILITADO) 
VALUES ('CR 8H #123-02', 'Centro vacunación Sanitas', 300, 200, 10000, 'Sanitas', 10, '0', '0', '1');

-- Insert LoteVacuna data
INSERT INTO LOTEVACUNA (IDENTIFICADORLOTE, NOMBREOFICINA, REGIONOFICINA) VALUES (1, 'Compensar', 12);
INSERT INTO LOTEVACUNA (IDENTIFICADORLOTE, NOMBREOFICINA, REGIONOFICINA) VALUES (2, 'Sanitas', 10);

-- Insert Infraestructura data
INSERT INTO INFRAESTRUCTURA (IDENTIFICADORINFRAESTRUCTURA, DESCRIPCIONINFRAESTRUCTURA) VALUES (3, 'Refrigeración');
INSERT INTO INFRAESTRUCTURA (IDENTIFICADORINFRAESTRUCTURA, DESCRIPCIONINFRAESTRUCTURA) VALUES (4, 'Almacenamiento al clima');

-- Insert CondicionPreservacion data
INSERT INTO CONDICIONPRESERVACION (IDENTIFICADORCONDPRESERVACION, DESCRIPCIONPRESERVACION) VALUES (5, 'Refrigeración mínimo 10 dias');
INSERT INTO CONDICIONPRESERVACION (IDENTIFICADORCONDPRESERVACION, DESCRIPCIONPRESERVACION) VALUES (6, 'Refrigeración a -70C');

-- Insert Condicion data
INSERT INTO CONDICION (IDENTIFICADORCONDICION, DESCRIPCIONCONDICION) VALUES (2, 'Practicante de medicina');
INSERT INTO CONDICION (IDENTIFICADORCONDICION, DESCRIPCIONCONDICION) VALUES (3, 'Paciente con cancer de hígado');

-- Insert Ciudadano data
INSERT INTO CIUDADANO (TIPODEIDENTIFICACION, IDENTIFICACIONCIUDADANO, NOMBRECIUDADANO, APELLIDOCIUDADANO, ESVACUNABLE, FECHADENACIMIENTO, TELEFONODECONTACTO, ESTADOVACUNACION, ETAPA, PUNTOVACUNACION, NOMBREOFICINA, REGIONOFICINA, GENERO, ROL, CIUDAD, LOCALIDAD) 
VALUES ('CC', '986294', 'Robert', 'Yang', '1', TO_DATE('1998/11/1', 'YYYY/MM/DD'), 23875496, 1, 4, 'CR 7A #122-09', 'Compensar', 12, 'Masculino', 'Ciudadano', 'Bogotá', 'Centro');

INSERT INTO CIUDADANO (TIPODEIDENTIFICACION, IDENTIFICACIONCIUDADANO, NOMBRECIUDADANO, APELLIDOCIUDADANO, ESVACUNABLE, FECHADENACIMIENTO, TELEFONODECONTACTO, ESTADOVACUNACION, ETAPA, PUNTOVACUNACION, NOMBREOFICINA, REGIONOFICINA, GENERO, ROL, CIUDAD, LOCALIDAD) 
VALUES ('TI', '1000471065', 'Juan', 'Jimenez', '1', TO_DATE('2000/12/1', 'YYYY/MM/DD'), 324789, 1, 4, 'CR 8H #123-02', 'Sanitas', 10, 'Masculino', 'Ciudadano', 'Bogotá', 'Centro');

INSERT INTO CIUDADANO (TIPODEIDENTIFICACION, IDENTIFICACIONCIUDADANO, NOMBRECIUDADANO, APELLIDOCIUDADANO, ESVACUNABLE, FECHADENACIMIENTO, TELEFONODECONTACTO, ESTADOVACUNACION, ETAPA, PUNTOVACUNACION, NOMBREOFICINA, REGIONOFICINA, GENERO, ROL, CIUDAD, LOCALIDAD) 
VALUES ('CC', '7490543', 'Manuel', 'Sarmiento', '1', TO_DATE('1956/12/1', 'YYYY/MM/DD'), 3526897, 3, 2, 'CR 8H #123-02', 'Sanitas', 10, 'Masculino', 'Doctor', 'Bogotá', 'Centro');

-- Insert Vacuna data (Note: foreign key constraints will be added later, so some might fail initially)
INSERT INTO VACUNA (IDENTIFICADORVACUNA, HASIDOAPLICADO, LOTEVACUNA, PUNTOVACUNACION, TIPOIDCIUDADANO, IDCIUDADANO, TECNOLOGIA) 
VALUES (7, '0', 1, 'CR 7A #122-09', 'CC', '986294', 'ARNm');

INSERT INTO VACUNA (IDENTIFICADORVACUNA, HASIDOAPLICADO, LOTEVACUNA, PUNTOVACUNACION, TIPOIDCIUDADANO, IDCIUDADANO, TECNOLOGIA) 
VALUES (8, '0', 2, 'CR 8H #123-02', 'TI', '1000471065', 'ARNm');

INSERT INTO VACUNA (IDENTIFICADORVACUNA, HASIDOAPLICADO, LOTEVACUNA, PUNTOVACUNACION, TIPOIDCIUDADANO, IDCIUDADANO, TECNOLOGIA) 
VALUES (9, '1', 2, 'CR 8H #123-02', 'CC', '7490543', 'ARNm');

-- Insert TieneCondicionPreservacion data
INSERT INTO TIENECONDICIONPRESERVACION (IDENTIFICADORCONDICION, IDENTIFICADORVACUNA) VALUES (5, 8);
INSERT INTO TIENECONDICIONPRESERVACION (IDENTIFICADORCONDICION, IDENTIFICADORVACUNA) VALUES (6, 7);

-- Insert PuntoVacunacionVirtual data
INSERT INTO PUNTOVACUNACIONVIRTUAL (DIRPUNTOVACUNACIONVIRTUAL, NOMBREOFICINA, REGIONOFICINA, VACUNAASIGNADA) 
VALUES ('CR 9 #155-09', 'Sanitas', 10, 7);

INSERT INTO PUNTOVACUNACIONVIRTUAL (DIRPUNTOVACUNACIONVIRTUAL, NOMBREOFICINA, REGIONOFICINA, VACUNAASIGNADA) 
VALUES ('CR 19B #35-09', 'Sanitas', 10, 8);

-- Insert TalentoHumano data
INSERT INTO TALENTOHUMANO (TIPODEIDENTIFICACION, IDENTIFICACIONCIUDADANO, FUNCIONTALENTOHUMANO) 
VALUES ('CC', '7490543', 'Doctor');

-- Insert Cita data
INSERT INTO CITA (IDENTIFICADORCITA, FECHACITA, TIPOIDCIUDADANO, IDCIUDADANO) 
VALUES (23, TO_TIMESTAMP('10-SEP-21 14:10:10', 'DD-MON-RR HH24:MI:SS'), 'CC', '986294');

INSERT INTO CITA (IDENTIFICADORCITA, FECHACITA, TIPOIDCIUDADANO, IDCIUDADANO) 
VALUES (24, TO_TIMESTAMP('1-JUN-21 16:10:10', 'DD-MON-RR HH24:MI:SS'), 'TI', '1000471065');

INSERT INTO CITA (IDENTIFICADORCITA, FECHACITA, TIPOIDCIUDADANO, IDCIUDADANO) 
VALUES (25, TO_TIMESTAMP('8-MAY-21 08:30:00', 'DD-MON-RR HH24:MI:SS'), 'CC', '7490543');

-- Insert TrabajaEn data
INSERT INTO TRABAJAEN (TIPOIDTALENTOHUMANO, IDTALENTOHUMANO, DIRECCIONPUNTOVACUNACION) 
VALUES ('CC', '7490543', 'CR 8H #123-02');

-- Insert TieneInfraestructura data
INSERT INTO TIENEINFRAESTRUCTURA (IDENTIFICADORINFRAESTRUCTURA, DIRECCIONPUNTOVACUNACION) 
VALUES (3, 'CR 7A #122-09');

INSERT INTO TIENEINFRAESTRUCTURA (IDENTIFICADORINFRAESTRUCTURA, DIRECCIONPUNTOVACUNACION) 
VALUES (4, 'CR 8H #123-02');

-- Insert PerteneceA data
INSERT INTO PERTENECEA (TIPOIDCIUDADANO, IDCIUDADANO, IDENTIFICADORCONDICION, DESCRIPCIONCONDICION) 
VALUES ('CC', '7490543', 2, 'Practicante de medicina'); 